index,domain,column,label,weight,code_system,code,note
elixhauser,chf,elix_chf,Congestive heart failure,7,ICD10CM,I099,
elixhauser,chf,elix_chf,Congestive heart failure,7,ICD10CM,I110,
elixhauser,chf,elix_chf,Congestive heart failure,7,ICD10CM,I130,
elixhauser,chf,elix_chf,Congestive heart failure,7,ICD10CM,I132,
elixhauser,chf,elix_chf,Congestive heart failure,7,ICD10CM,I255,
elixhauser,chf,elix_chf,Congestive heart failure,7,ICD10CM,I420,
elixhauser,chf,elix_chf,Congestive heart failure,7,ICD10CM,I425,
elixhauser,chf,elix_chf,Congestive heart failure,7,ICD10CM,I426,
elixhauser,chf,elix_chf,Congestive heart failure,7,ICD10CM,I427,
elixhauser,chf,elix_chf,Congestive heart failure,7,ICD10CM,I428,
elixhauser,chf,elix_chf,Congestive heart failure,7,ICD10CM,I429,
elixhauser,chf,elix_chf,Congestive heart failure,7,ICD10CM,I43,
elixhauser,chf,elix_chf,Congestive heart failure,7,ICD10CM,I50,
elixhauser,chf,elix_chf,Congestive heart failure,7,ICD10CM,P290,
elixhauser,chf,elix_chf,Congestive heart failure,7,ICD9CM,39891,
elixhauser,chf,elix_chf,Congestive heart failure,7,ICD9CM,40201,
elixhauser,chf,elix_chf,Congestive heart failure,7,ICD9CM,40211,
elixhauser,chf,elix_chf,Congestive heart failure,7,ICD9CM,40291,
elixhauser,chf,elix_chf,Congestive heart failure,7,ICD9CM,40401,
elixhauser,chf,elix_chf,Congestive heart failure,7,ICD9CM,40403,
elixhauser,chf,elix_chf,Congestive heart failure,7,ICD9CM,40411,
elixhauser,chf,elix_chf,Congestive heart failure,7,ICD9CM,40413,
elixhauser,chf,elix_chf,Congestive heart failure,7,ICD9CM,40491,
elixhauser,chf,elix_chf,Congestive heart failure,7,ICD9CM,40493,
elixhauser,chf,elix_chf,Congestive heart failure,7,ICD9CM,4254,
elixhauser,chf,elix_chf,Congestive heart failure,7,ICD9CM,4255,
elixhauser,chf,elix_chf,Congestive heart failure,7,ICD9CM,4257,
elixhauser,chf,elix_chf,Congestive heart failure,7,ICD9CM,4258,
elixhauser,chf,elix_chf,Congestive heart failure,7,ICD9CM,4259,
elixhauser,chf,elix_chf,Congestive heart failure,7,ICD9CM,428,
elixhauser,chf,elix_chf,Congestive heart failure,7,SNOMED_ANCESTOR,316139,Heart failure
elixhauser,chf,elix_chf,Congestive heart failure,7,SNOMED_ANCESTOR,4163710,Dilated cardiomyopathy
elixhauser,chf,elix_chf,Congestive heart failure,7,SNOMED_ANCESTOR,4190773,Restrictive cardiomyopathy
elixhauser,chf,elix_chf,Congestive heart failure,7,SNOMED_ANCESTOR,35615148,Cardiomyopathy caused by drug
elixhauser,arrhythmia,elix_arrhythmia,Cardiac arrhythmias,5,ICD10CM,I441,
elixhauser,arrhythmia,elix_arrhythmia,Cardiac arrhythmias,5,ICD10CM,I442,
elixhauser,arrhythmia,elix_arrhythmia,Cardiac arrhythmias,5,ICD10CM,I443,
elixhauser,arrhythmia,elix_arrhythmia,Cardiac arrhythmias,5,ICD10CM,I456,
elixhauser,arrhythmia,elix_arrhythmia,Cardiac arrhythmias,5,ICD10CM,I459,
elixhauser,arrhythmia,elix_arrhythmia,Cardiac arrhythmias,5,ICD10CM,I47,
elixhauser,arrhythmia,elix_arrhythmia,Cardiac arrhythmias,5,ICD10CM,I48,
elixhauser,arrhythmia,elix_arrhythmia,Cardiac arrhythmias,5,ICD10CM,I49,
elixhauser,arrhythmia,elix_arrhythmia,Cardiac arrhythmias,5,ICD10CM,R000,
elixhauser,arrhythmia,elix_arrhythmia,Cardiac arrhythmias,5,ICD10CM,R001,
elixhauser,arrhythmia,elix_arrhythmia,Cardiac arrhythmias,5,ICD10CM,R008,
elixhauser,arrhythmia,elix_arrhythmia,Cardiac arrhythmias,5,ICD10CM,T821,
elixhauser,arrhythmia,elix_arrhythmia,Cardiac arrhythmias,5,ICD10CM,Z450,
elixhauser,arrhythmia,elix_arrhythmia,Cardiac arrhythmias,5,ICD10CM,Z950,
elixhauser,arrhythmia,elix_arrhythmia,Cardiac arrhythmias,5,ICD9CM,4260,
elixhauser,arrhythmia,elix_arrhythmia,Cardiac arrhythmias,5,ICD9CM,42610,
elixhauser,arrhythmia,elix_arrhythmia,Cardiac arrhythmias,5,ICD9CM,42612,
elixhauser,arrhythmia,elix_arrhythmia,Cardiac arrhythmias,5,ICD9CM,42613,
elixhauser,arrhythmia,elix_arrhythmia,Cardiac arrhythmias,5,ICD9CM,4267,
elixhauser,arrhythmia,elix_arrhythmia,Cardiac arrhythmias,5,ICD9CM,4269,
elixhauser,arrhythmia,elix_arrhythmia,Cardiac arrhythmias,5,ICD9CM,4270,
elixhauser,arrhythmia,elix_arrhythmia,Cardiac arrhythmias,5,ICD9CM,4271,
elixhauser,arrhythmia,elix_arrhythmia,Cardiac arrhythmias,5,ICD9CM,4272,
elixhauser,arrhythmia,elix_arrhythmia,Cardiac arrhythmias,5,ICD9CM,4273,
elixhauser,arrhythmia,elix_arrhythmia,Cardiac arrhythmias,5,ICD9CM,4274,
elixhauser,arrhythmia,elix_arrhythmia,Cardiac arrhythmias,5,ICD9CM,4276,
elixhauser,arrhythmia,elix_arrhythmia,Cardiac arrhythmias,5,ICD9CM,4278,
elixhauser,arrhythmia,elix_arrhythmia,Cardiac arrhythmias,5,ICD9CM,4279,
elixhauser,arrhythmia,elix_arrhythmia,Cardiac arrhythmias,5,ICD9CM,7850,
elixhauser,arrhythmia,elix_arrhythmia,Cardiac arrhythmias,5,ICD9CM,99601,
elixhauser,arrhythmia,elix_arrhythmia,Cardiac arrhythmias,5,ICD9CM,99604,
elixhauser,arrhythmia,elix_arrhythmia,Cardiac arrhythmias,5,ICD9CM,V450,
elixhauser,arrhythmia,elix_arrhythmia,Cardiac arrhythmias,5,ICD9CM,V533,
elixhauser,arrhythmia,elix_arrhythmia,Cardiac arrhythmias,5,SNOMED_ANCESTOR,315643,Tachyarrhythmia
elixhauser,arrhythmia,elix_arrhythmia,Cardiac arrhythmias,5,SNOMED_ANCESTOR,4248028,Supraventricular arrhythmia
elixhauser,arrhythmia,elix_arrhythmia,Cardiac arrhythmias,5,SNOMED_ANCESTOR,4185572,Ventricular arrhythmia
elixhauser,arrhythmia,elix_arrhythmia,Cardiac arrhythmias,5,SNOMED_ANCESTOR,4228448,Bradyarrhythmia
elixhauser,arrhythmia,elix_arrhythmia,Cardiac arrhythmias,5,SNOMED_ANCESTOR,316429,Premature beats
elixhauser,arrhythmia,elix_arrhythmia,Cardiac arrhythmias,5,SNOMED_ANCESTOR,318448,Second degree atrioventricular block
elixhauser,arrhythmia,elix_arrhythmia,Cardiac arrhythmias,5,SNOMED_ANCESTOR,320744,Complete atrioventricular block
elixhauser,arrhythmia,elix_arrhythmia,Cardiac arrhythmias,5,SNOMED_ANCESTOR,4253363,Wolff-Parkinson-White pattern
elixhauser,valvular,elix_valvular,Valvular disease,-1,ICD10CM,A520,
elixhauser,valvular,elix_valvular,Valvular disease,-1,ICD10CM,I05,
elixhauser,valvular,elix_valvular,Valvular disease,-1,ICD10CM,I06,
elixhauser,valvular,elix_valvular,Valvular disease,-1,ICD10CM,I07,
elixhauser,valvular,elix_valvular,Valvular disease,-1,ICD10CM,I08,
elixhauser,valvular,elix_valvular,Valvular disease,-1,ICD10CM,I091,
elixhauser,valvular,elix_valvular,Valvular disease,-1,ICD10CM,I098,
elixhauser,valvular,elix_valvular,Valvular disease,-1,ICD10CM,I34,
elixhauser,valvular,elix_valvular,Valvular disease,-1,ICD10CM,I35,
elixhauser,valvular,elix_valvular,Valvular disease,-1,ICD10CM,I36,
elixhauser,valvular,elix_valvular,Valvular disease,-1,ICD10CM,I37,
elixhauser,valvular,elix_valvular,Valvular disease,-1,ICD10CM,I38,
elixhauser,valvular,elix_valvular,Valvular disease,-1,ICD10CM,I39,
elixhauser,valvular,elix_valvular,Valvular disease,-1,ICD10CM,Q230,
elixhauser,valvular,elix_valvular,Valvular disease,-1,ICD10CM,Q231,
elixhauser,valvular,elix_valvular,Valvular disease,-1,ICD10CM,Q232,
elixhauser,valvular,elix_valvular,Valvular disease,-1,ICD10CM,Q233,
elixhauser,valvular,elix_valvular,Valvular disease,-1,ICD10CM,Z952,
elixhauser,valvular,elix_valvular,Valvular disease,-1,ICD10CM,Z953,
elixhauser,valvular,elix_valvular,Valvular disease,-1,ICD10CM,Z954,
elixhauser,valvular,elix_valvular,Valvular disease,-1,ICD9CM,0932,
elixhauser,valvular,elix_valvular,Valvular disease,-1,ICD9CM,394,
elixhauser,valvular,elix_valvular,Valvular disease,-1,ICD9CM,395,
elixhauser,valvular,elix_valvular,Valvular disease,-1,ICD9CM,396,
elixhauser,valvular,elix_valvular,Valvular disease,-1,ICD9CM,397,
elixhauser,valvular,elix_valvular,Valvular disease,-1,ICD9CM,424,
elixhauser,valvular,elix_valvular,Valvular disease,-1,ICD9CM,7463,
elixhauser,valvular,elix_valvular,Valvular disease,-1,ICD9CM,7464,
elixhauser,valvular,elix_valvular,Valvular disease,-1,ICD9CM,7465,
elixhauser,valvular,elix_valvular,Valvular disease,-1,ICD9CM,7466,
elixhauser,valvular,elix_valvular,Valvular disease,-1,ICD9CM,V422,
elixhauser,valvular,elix_valvular,Valvular disease,-1,ICD9CM,V433,
elixhauser,valvular,elix_valvular,Valvular disease,-1,SNOMED_ANCESTOR,319843,Mitral valve disorder
elixhauser,valvular,elix_valvular,Valvular disease,-1,SNOMED_ANCESTOR,314054,Aortic valve disorder
elixhauser,valvular,elix_valvular,Valvular disease,-1,SNOMED_ANCESTOR,316993,Tricuspid valve disorder
elixhauser,valvular,elix_valvular,Valvular disease,-1,SNOMED_ANCESTOR,319845,Pulmonary valve disorder
elixhauser,valvular,elix_valvular,Valvular disease,-1,SNOMED_ANCESTOR,435829,Rheumatic disease of heart valve
elixhauser,valvular,elix_valvular,Valvular disease,-1,SNOMED_ANCESTOR,4108234,Multiple valve disease
elixhauser,pulm_circ,elix_pulm_circ,Pulmonary circulation disorders,4,ICD10CM,I26,
elixhauser,pulm_circ,elix_pulm_circ,Pulmonary circulation disorders,4,ICD10CM,I27,
elixhauser,pulm_circ,elix_pulm_circ,Pulmonary circulation disorders,4,ICD10CM,I280,
elixhauser,pulm_circ,elix_pulm_circ,Pulmonary circulation disorders,4,ICD10CM,I288,
elixhauser,pulm_circ,elix_pulm_circ,Pulmonary circulation disorders,4,ICD10CM,I289,
elixhauser,pulm_circ,elix_pulm_circ,Pulmonary circulation disorders,4,ICD9CM,4150,
elixhauser,pulm_circ,elix_pulm_circ,Pulmonary circulation disorders,4,ICD9CM,4151,
elixhauser,pulm_circ,elix_pulm_circ,Pulmonary circulation disorders,4,ICD9CM,416,
elixhauser,pulm_circ,elix_pulm_circ,Pulmonary circulation disorders,4,ICD9CM,4170,
elixhauser,pulm_circ,elix_pulm_circ,Pulmonary circulation disorders,4,ICD9CM,4178,
elixhauser,pulm_circ,elix_pulm_circ,Pulmonary circulation disorders,4,ICD9CM,4179,
elixhauser,pulm_circ,elix_pulm_circ,Pulmonary circulation disorders,4,SNOMED_ANCESTOR,4322024,Pulmonary hypertension
elixhauser,pulm_circ,elix_pulm_circ,Pulmonary circulation disorders,4,SNOMED_ANCESTOR,440417,Pulmonary embolism
elixhauser,pulm_circ,elix_pulm_circ,Pulmonary circulation disorders,4,SNOMED_ANCESTOR,4307356,Cor pulmonale
elixhauser,pulm_circ,elix_pulm_circ,Pulmonary circulation disorders,4,SNOMED_ANCESTOR,441593,Arteriovenous fistula of pulmonary vessels
elixhauser,pvd,elix_pvd,Peripheral vascular disorders,2,ICD10CM,I70,
elixhauser,pvd,elix_pvd,Peripheral vascular disorders,2,ICD10CM,I71,
elixhauser,pvd,elix_pvd,Peripheral vascular disorders,2,ICD10CM,I731,
elixhauser,pvd,elix_pvd,Peripheral vascular disorders,2,ICD10CM,I738,
elixhauser,pvd,elix_pvd,Peripheral vascular disorders,2,ICD10CM,I739,
elixhauser,pvd,elix_pvd,Peripheral vascular disorders,2,ICD10CM,I771,
elixhauser,pvd,elix_pvd,Peripheral vascular disorders,2,ICD10CM,I790,
elixhauser,pvd,elix_pvd,Peripheral vascular disorders,2,ICD10CM,K551,
elixhauser,pvd,elix_pvd,Peripheral vascular disorders,2,ICD10CM,K558,
elixhauser,pvd,elix_pvd,Peripheral vascular disorders,2,ICD10CM,K559,
elixhauser,pvd,elix_pvd,Peripheral vascular disorders,2,ICD10CM,Z958,
elixhauser,pvd,elix_pvd,Peripheral vascular disorders,2,ICD10CM,Z959,
elixhauser,pvd,elix_pvd,Peripheral vascular disorders,2,ICD9CM,0930,
elixhauser,pvd,elix_pvd,Peripheral vascular disorders,2,ICD9CM,4373,
elixhauser,pvd,elix_pvd,Peripheral vascular disorders,2,ICD9CM,440,
elixhauser,pvd,elix_pvd,Peripheral vascular disorders,2,ICD9CM,441,
elixhauser,pvd,elix_pvd,Peripheral vascular disorders,2,ICD9CM,4431,
elixhauser,pvd,elix_pvd,Peripheral vascular disorders,2,ICD9CM,4432,
elixhauser,pvd,elix_pvd,Peripheral vascular disorders,2,ICD9CM,4438,
elixhauser,pvd,elix_pvd,Peripheral vascular disorders,2,ICD9CM,4439,
elixhauser,pvd,elix_pvd,Peripheral vascular disorders,2,ICD9CM,4471,
elixhauser,pvd,elix_pvd,Peripheral vascular disorders,2,ICD9CM,5571,
elixhauser,pvd,elix_pvd,Peripheral vascular disorders,2,ICD9CM,5579,
elixhauser,pvd,elix_pvd,Peripheral vascular disorders,2,ICD9CM,V434,
elixhauser,pvd,elix_pvd,Peripheral vascular disorders,2,SNOMED_ANCESTOR,321052,Peripheral vascular disease
elixhauser,pvd,elix_pvd,Peripheral vascular disorders,2,SNOMED_ANCESTOR,317585,Aortic aneurysm
elixhauser,pvd,elix_pvd,Peripheral vascular disorders,2,SNOMED_ANCESTOR,320739,Dissection of aorta
elixhauser,pvd,elix_pvd,Peripheral vascular disorders,2,SNOMED_ANCESTOR,312934,Atherosclerosis of aorta
elixhauser,htn_uncomp,elix_htn_uncomp,"Hypertension, uncomplicated",0,ICD10CM,I10,
elixhauser,htn_uncomp,elix_htn_uncomp,"Hypertension, uncomplicated",0,ICD9CM,401,
elixhauser,htn_uncomp,elix_htn_uncomp,"Hypertension, uncomplicated",0,SNOMED_ANCESTOR,320128,Essential hypertension
elixhauser,htn_comp,elix_htn_comp,"Hypertension, complicated",0,ICD10CM,I11,
elixhauser,htn_comp,elix_htn_comp,"Hypertension, complicated",0,ICD10CM,I12,
elixhauser,htn_comp,elix_htn_comp,"Hypertension, complicated",0,ICD10CM,I13,
elixhauser,htn_comp,elix_htn_comp,"Hypertension, complicated",0,ICD10CM,I15,
elixhauser,htn_comp,elix_htn_comp,"Hypertension, complicated",0,ICD9CM,402,
elixhauser,htn_comp,elix_htn_comp,"Hypertension, complicated",0,ICD9CM,403,
elixhauser,htn_comp,elix_htn_comp,"Hypertension, complicated",0,ICD9CM,404,
elixhauser,htn_comp,elix_htn_comp,"Hypertension, complicated",0,ICD9CM,405,
elixhauser,htn_comp,elix_htn_comp,"Hypertension, complicated",0,SNOMED_ANCESTOR,442604,Hypertensive heart disease
elixhauser,htn_comp,elix_htn_comp,"Hypertension, complicated",0,SNOMED_ANCESTOR,201313,Hypertensive renal disease
elixhauser,htn_comp,elix_htn_comp,"Hypertension, complicated",0,SNOMED_ANCESTOR,319826,Secondary hypertension
elixhauser,paralysis,elix_paralysis,Paralysis,7,ICD10CM,G041,
elixhauser,paralysis,elix_paralysis,Paralysis,7,ICD10CM,G114,
elixhauser,paralysis,elix_paralysis,Paralysis,7,ICD10CM,G801,
elixhauser,paralysis,elix_paralysis,Paralysis,7,ICD10CM,G802,
elixhauser,paralysis,elix_paralysis,Paralysis,7,ICD10CM,G81,
elixhauser,paralysis,elix_paralysis,Paralysis,7,ICD10CM,G82,
elixhauser,paralysis,elix_paralysis,Paralysis,7,ICD10CM,G830,
elixhauser,paralysis,elix_paralysis,Paralysis,7,ICD10CM,G831,
elixhauser,paralysis,elix_paralysis,Paralysis,7,ICD10CM,G832,
elixhauser,paralysis,elix_paralysis,Paralysis,7,ICD10CM,G833,
elixhauser,paralysis,elix_paralysis,Paralysis,7,ICD10CM,G834,
elixhauser,paralysis,elix_paralysis,Paralysis,7,ICD10CM,G839,
elixhauser,paralysis,elix_paralysis,Paralysis,7,ICD9CM,3341,
elixhauser,paralysis,elix_paralysis,Paralysis,7,ICD9CM,342,
elixhauser,paralysis,elix_paralysis,Paralysis,7,ICD9CM,343,
elixhauser,paralysis,elix_paralysis,Paralysis,7,ICD9CM,3440,
elixhauser,paralysis,elix_paralysis,Paralysis,7,ICD9CM,3441,
elixhauser,paralysis,elix_paralysis,Paralysis,7,ICD9CM,3442,
elixhauser,paralysis,elix_paralysis,Paralysis,7,ICD9CM,3443,
elixhauser,paralysis,elix_paralysis,Paralysis,7,ICD9CM,3444,
elixhauser,paralysis,elix_paralysis,Paralysis,7,ICD9CM,3445,
elixhauser,paralysis,elix_paralysis,Paralysis,7,ICD9CM,3446,
elixhauser,paralysis,elix_paralysis,Paralysis,7,ICD9CM,3449,
elixhauser,paralysis,elix_paralysis,Paralysis,7,SNOMED_ANCESTOR,374022,Hemiplegia
elixhauser,paralysis,elix_paralysis,Paralysis,7,SNOMED_ANCESTOR,192606,Paraplegia
elixhauser,paralysis,elix_paralysis,Paralysis,7,SNOMED_ANCESTOR,374914,Tetraplegia
elixhauser,paralysis,elix_paralysis,Paralysis,7,SNOMED_ANCESTOR,381548,Monoplegia
elixhauser,paralysis,elix_paralysis,Paralysis,7,SNOMED_ANCESTOR,372880,Diplegia of upper limbs
elixhauser,paralysis,elix_paralysis,Paralysis,7,SNOMED_ANCESTOR,132617,Diplegic cerebral palsy
elixhauser,paralysis,elix_paralysis,Paralysis,7,SNOMED_ANCESTOR,134031,Hemiplegic cerebral palsy
elixhauser,neuro_other,elix_neuro_other,Other neurological disorders,6,ICD10CM,G10,
elixhauser,neuro_other,elix_neuro_other,Other neurological disorders,6,ICD10CM,G11,
elixhauser,neuro_other,elix_neuro_other,Other neurological disorders,6,ICD10CM,G12,
elixhauser,neuro_other,elix_neuro_other,Other neurological disorders,6,ICD10CM,G13,
elixhauser,neuro_other,elix_neuro_other,Other neurological disorders,6,ICD10CM,G20,
elixhauser,neuro_other,elix_neuro_other,Other neurological disorders,6,ICD10CM,G21,
elixhauser,neuro_other,elix_neuro_other,Other neurological disorders,6,ICD10CM,G254,
elixhauser,neuro_other,elix_neuro_other,Other neurological disorders,6,ICD10CM,G255,
elixhauser,neuro_other,elix_neuro_other,Other neurological disorders,6,ICD10CM,G312,
elixhauser,neuro_other,elix_neuro_other,Other neurological disorders,6,ICD10CM,G318,
elixhauser,neuro_other,elix_neuro_other,Other neurological disorders,6,ICD10CM,G319,
elixhauser,neuro_other,elix_neuro_other,Other neurological disorders,6,ICD10CM,G32,
elixhauser,neuro_other,elix_neuro_other,Other neurological disorders,6,ICD10CM,G35,
elixhauser,neuro_other,elix_neuro_other,Other neurological disorders,6,ICD10CM,G36,
elixhauser,neuro_other,elix_neuro_other,Other neurological disorders,6,ICD10CM,G37,
elixhauser,neuro_other,elix_neuro_other,Other neurological disorders,6,ICD10CM,G40,
elixhauser,neuro_other,elix_neuro_other,Other neurological disorders,6,ICD10CM,G931,
elixhauser,neuro_other,elix_neuro_other,Other neurological disorders,6,ICD10CM,G934,
elixhauser,neuro_other,elix_neuro_other,Other neurological disorders,6,ICD10CM,R470,
elixhauser,neuro_other,elix_neuro_other,Other neurological disorders,6,ICD10CM,R56,
elixhauser,neuro_other,elix_neuro_other,Other neurological disorders,6,ICD9CM,3319,
elixhauser,neuro_other,elix_neuro_other,Other neurological disorders,6,ICD9CM,3320,
elixhauser,neuro_other,elix_neuro_other,Other neurological disorders,6,ICD9CM,3321,
elixhauser,neuro_other,elix_neuro_other,Other neurological disorders,6,ICD9CM,3334,
elixhauser,neuro_other,elix_neuro_other,Other neurological disorders,6,ICD9CM,3335,
elixhauser,neuro_other,elix_neuro_other,Other neurological disorders,6,ICD9CM,33392,
elixhauser,neuro_other,elix_neuro_other,Other neurological disorders,6,ICD9CM,334,
elixhauser,neuro_other,elix_neuro_other,Other neurological disorders,6,ICD9CM,335,
elixhauser,neuro_other,elix_neuro_other,Other neurological disorders,6,ICD9CM,3362,
elixhauser,neuro_other,elix_neuro_other,Other neurological disorders,6,ICD9CM,340,
elixhauser,neuro_other,elix_neuro_other,Other neurological disorders,6,ICD9CM,341,
elixhauser,neuro_other,elix_neuro_other,Other neurological disorders,6,ICD9CM,345,
elixhauser,neuro_other,elix_neuro_other,Other neurological disorders,6,ICD9CM,3481,
elixhauser,neuro_other,elix_neuro_other,Other neurological disorders,6,ICD9CM,3483,
elixhauser,neuro_other,elix_neuro_other,Other neurological disorders,6,ICD9CM,7803,
elixhauser,neuro_other,elix_neuro_other,Other neurological disorders,6,ICD9CM,7843,
elixhauser,neuro_other,elix_neuro_other,Other neurological disorders,6,SNOMED_ANCESTOR,377091,Seizure
elixhauser,neuro_other,elix_neuro_other,Other neurological disorders,6,SNOMED_ANCESTOR,4140090,Parkinsonism
elixhauser,neuro_other,elix_neuro_other,Other neurological disorders,6,SNOMED_ANCESTOR,375801,Demyelinating disease of central nervous system
elixhauser,neuro_other,elix_neuro_other,Other neurological disorders,6,SNOMED_ANCESTOR,374631,Motor neuron disease
elixhauser,neuro_other,elix_neuro_other,Other neurological disorders,6,SNOMED_ANCESTOR,374341,Huntington's chorea
elixhauser,neuro_other,elix_neuro_other,Other neurological disorders,6,SNOMED_ANCESTOR,440424,Aphasia
elixhauser,neuro_other,elix_neuro_other,Other neurological disorders,6,SNOMED_ANCESTOR,377845,Anoxic encephalopathy
elixhauser,neuro_other,elix_neuro_other,Other neurological disorders,6,SNOMED_ANCESTOR,35622229,Hereditary ataxia
elixhauser,copd,elix_copd,Chronic pulmonary disease,3,ICD10CM,I278,
elixhauser,copd,elix_copd,Chronic pulmonary disease,3,ICD10CM,I279,
elixhauser,copd,elix_copd,Chronic pulmonary disease,3,ICD10CM,J40,
elixhauser,copd,elix_copd,Chronic pulmonary disease,3,ICD10CM,J41,
elixhauser,copd,elix_copd,Chronic pulmonary disease,3,ICD10CM,J42,
elixhauser,copd,elix_copd,Chronic pulmonary disease,3,ICD10CM,J43,
elixhauser,copd,elix_copd,Chronic pulmonary disease,3,ICD10CM,J44,
elixhauser,copd,elix_copd,Chronic pulmonary disease,3,ICD10CM,J45,
elixhauser,copd,elix_copd,Chronic pulmonary disease,3,ICD10CM,J47,
elixhauser,copd,elix_copd,Chronic pulmonary disease,3,ICD10CM,J60,
elixhauser,copd,elix_copd,Chronic pulmonary disease,3,ICD10CM,J61,
elixhauser,copd,elix_copd,Chronic pulmonary disease,3,ICD10CM,J62,
elixhauser,copd,elix_copd,Chronic pulmonary disease,3,ICD10CM,J63,
elixhauser,copd,elix_copd,Chronic pulmonary disease,3,ICD10CM,J64,
elixhauser,copd,elix_copd,Chronic pulmonary disease,3,ICD10CM,J65,
elixhauser,copd,elix_copd,Chronic pulmonary disease,3,ICD10CM,J66,
elixhauser,copd,elix_copd,Chronic pulmonary disease,3,ICD10CM,J67,
elixhauser,copd,elix_copd,Chronic pulmonary disease,3,ICD10CM,J684,
elixhauser,copd,elix_copd,Chronic pulmonary disease,3,ICD10CM,J701,
elixhauser,copd,elix_copd,Chronic pulmonary disease,3,ICD10CM,J703,
elixhauser,copd,elix_copd,Chronic pulmonary disease,3,ICD9CM,4168,
elixhauser,copd,elix_copd,Chronic pulmonary disease,3,ICD9CM,4169,
elixhauser,copd,elix_copd,Chronic pulmonary disease,3,ICD9CM,490,
elixhauser,copd,elix_copd,Chronic pulmonary disease,3,ICD9CM,491,
elixhauser,copd,elix_copd,Chronic pulmonary disease,3,ICD9CM,492,
elixhauser,copd,elix_copd,Chronic pulmonary disease,3,ICD9CM,493,
elixhauser,copd,elix_copd,Chronic pulmonary disease,3,ICD9CM,494,
elixhauser,copd,elix_copd,Chronic pulmonary disease,3,ICD9CM,495,
elixhauser,copd,elix_copd,Chronic pulmonary disease,3,ICD9CM,496,
elixhauser,copd,elix_copd,Chronic pulmonary disease,3,ICD9CM,500,
elixhauser,copd,elix_copd,Chronic pulmonary disease,3,ICD9CM,501,
elixhauser,copd,elix_copd,Chronic pulmonary disease,3,ICD9CM,502,
elixhauser,copd,elix_copd,Chronic pulmonary disease,3,ICD9CM,503,
elixhauser,copd,elix_copd,Chronic pulmonary disease,3,ICD9CM,504,
elixhauser,copd,elix_copd,Chronic pulmonary disease,3,ICD9CM,505,
elixhauser,copd,elix_copd,Chronic pulmonary disease,3,ICD9CM,5064,
elixhauser,copd,elix_copd,Chronic pulmonary disease,3,ICD9CM,5081,
elixhauser,copd,elix_copd,Chronic pulmonary disease,3,ICD9CM,5088,
elixhauser,copd,elix_copd,Chronic pulmonary disease,3,SNOMED_ANCESTOR,255573,Chronic obstructive pulmonary disease
elixhauser,copd,elix_copd,Chronic pulmonary disease,3,SNOMED_ANCESTOR,317009,Asthma
elixhauser,copd,elix_copd,Chronic pulmonary disease,3,SNOMED_ANCESTOR,256449,Bronchiectasis
elixhauser,copd,elix_copd,Chronic pulmonary disease,3,SNOMED_ANCESTOR,259044,Pneumoconiosis
elixhauser,copd,elix_copd,Chronic pulmonary disease,3,SNOMED_ANCESTOR,255841,Chronic bronchitis
elixhauser,copd,elix_copd,Chronic pulmonary disease,3,SNOMED_ANCESTOR,444084,Hypersensitivity pneumonitis
elixhauser,dm_uncomp,elix_dm_uncomp,"Diabetes, uncomplicated",0,ICD10CM,E101,
elixhauser,dm_uncomp,elix_dm_uncomp,"Diabetes, uncomplicated",0,ICD10CM,E109,
elixhauser,dm_uncomp,elix_dm_uncomp,"Diabetes, uncomplicated",0,ICD10CM,E110,
elixhauser,dm_uncomp,elix_dm_uncomp,"Diabetes, uncomplicated",0,ICD10CM,E111,
elixhauser,dm_uncomp,elix_dm_uncomp,"Diabetes, uncomplicated",0,ICD10CM,E119,
elixhauser,dm_uncomp,elix_dm_uncomp,"Diabetes, uncomplicated",0,ICD10CM,E130,
elixhauser,dm_uncomp,elix_dm_uncomp,"Diabetes, uncomplicated",0,ICD10CM,E131,
elixhauser,dm_uncomp,elix_dm_uncomp,"Diabetes, uncomplicated",0,ICD10CM,E139,
elixhauser,dm_uncomp,elix_dm_uncomp,"Diabetes, uncomplicated",0,ICD10CM,E080,ICD-10-CM adaptation; not in Quan 2005 WHO ICD-10 list
elixhauser,dm_uncomp,elix_dm_uncomp,"Diabetes, uncomplicated",0,ICD10CM,E081,ICD-10-CM adaptation; not in Quan 2005 WHO ICD-10 list
elixhauser,dm_uncomp,elix_dm_uncomp,"Diabetes, uncomplicated",0,ICD10CM,E089,ICD-10-CM adaptation; not in Quan 2005 WHO ICD-10 list
elixhauser,dm_uncomp,elix_dm_uncomp,"Diabetes, uncomplicated",0,ICD10CM,E090,ICD-10-CM adaptation; not in Quan 2005 WHO ICD-10 list
elixhauser,dm_uncomp,elix_dm_uncomp,"Diabetes, uncomplicated",0,ICD10CM,E091,ICD-10-CM adaptation; not in Quan 2005 WHO ICD-10 list
elixhauser,dm_uncomp,elix_dm_uncomp,"Diabetes, uncomplicated",0,ICD10CM,E099,ICD-10-CM adaptation; not in Quan 2005 WHO ICD-10 list
elixhauser,dm_uncomp,elix_dm_uncomp,"Diabetes, uncomplicated",0,ICD9CM,2500,
elixhauser,dm_uncomp,elix_dm_uncomp,"Diabetes, uncomplicated",0,ICD9CM,2501,
elixhauser,dm_uncomp,elix_dm_uncomp,"Diabetes, uncomplicated",0,ICD9CM,2502,
elixhauser,dm_uncomp,elix_dm_uncomp,"Diabetes, uncomplicated",0,ICD9CM,2503,
elixhauser,dm_uncomp,elix_dm_uncomp,"Diabetes, uncomplicated",0,SNOMED_ANCESTOR,201254,"Type 1 diabetes mellitus (any diabetes; dm_comp supersedes via hierarchy, apply hierarchy to SNOMED matches)"
elixhauser,dm_uncomp,elix_dm_uncomp,"Diabetes, uncomplicated",0,SNOMED_ANCESTOR,201826,"Type 2 diabetes mellitus (any diabetes; dm_comp supersedes via hierarchy, apply hierarchy to SNOMED matches)"
elixhauser,dm_uncomp,elix_dm_uncomp,"Diabetes, uncomplicated",0,SNOMED_ANCESTOR,195771,"Secondary diabetes mellitus (any diabetes; dm_comp supersedes via hierarchy, apply hierarchy to SNOMED matches)"
elixhauser,dm_uncomp,elix_dm_uncomp,"Diabetes, uncomplicated",0,SNOMED_ANCESTOR,43531011,"Diabetes mellitus due to genetic defect in beta cell function (any diabetes; dm_comp supersedes via hierarchy, apply hierarchy to SNOMED matches)"
elixhauser,dm_uncomp,elix_dm_uncomp,"Diabetes, uncomplicated",0,SNOMED_ANCESTOR,43531642,"Diabetes mellitus due to genetic defect in insulin action (any diabetes; dm_comp supersedes via hierarchy, apply hierarchy to SNOMED matches)"
elixhauser,dm_comp,elix_dm_comp,"Diabetes, complicated",0,ICD10CM,E102,
elixhauser,dm_comp,elix_dm_comp,"Diabetes, complicated",0,ICD10CM,E103,
elixhauser,dm_comp,elix_dm_comp,"Diabetes, complicated",0,ICD10CM,E104,
elixhauser,dm_comp,elix_dm_comp,"Diabetes, complicated",0,ICD10CM,E105,
elixhauser,dm_comp,elix_dm_comp,"Diabetes, complicated",0,ICD10CM,E106,
elixhauser,dm_comp,elix_dm_comp,"Diabetes, complicated",0,ICD10CM,E108,
elixhauser,dm_comp,elix_dm_comp,"Diabetes, complicated",0,ICD10CM,E112,
elixhauser,dm_comp,elix_dm_comp,"Diabetes, complicated",0,ICD10CM,E113,
elixhauser,dm_comp,elix_dm_comp,"Diabetes, complicated",0,ICD10CM,E114,
elixhauser,dm_comp,elix_dm_comp,"Diabetes, complicated",0,ICD10CM,E115,
elixhauser,dm_comp,elix_dm_comp,"Diabetes, complicated",0,ICD10CM,E116,
elixhauser,dm_comp,elix_dm_comp,"Diabetes, complicated",0,ICD10CM,E118,
elixhauser,dm_comp,elix_dm_comp,"Diabetes, complicated",0,ICD10CM,E132,
elixhauser,dm_comp,elix_dm_comp,"Diabetes, complicated",0,ICD10CM,E133,
elixhauser,dm_comp,elix_dm_comp,"Diabetes, complicated",0,ICD10CM,E134,
elixhauser,dm_comp,elix_dm_comp,"Diabetes, complicated",0,ICD10CM,E135,
elixhauser,dm_comp,elix_dm_comp,"Diabetes, complicated",0,ICD10CM,E136,
elixhauser,dm_comp,elix_dm_comp,"Diabetes, complicated",0,ICD10CM,E138,
elixhauser,dm_comp,elix_dm_comp,"Diabetes, complicated",0,ICD10CM,E082,ICD-10-CM adaptation; not in Quan 2005 WHO ICD-10 list
elixhauser,dm_comp,elix_dm_comp,"Diabetes, complicated",0,ICD10CM,E083,ICD-10-CM adaptation; not in Quan 2005 WHO ICD-10 list
elixhauser,dm_comp,elix_dm_comp,"Diabetes, complicated",0,ICD10CM,E084,ICD-10-CM adaptation; not in Quan 2005 WHO ICD-10 list
elixhauser,dm_comp,elix_dm_comp,"Diabetes, complicated",0,ICD10CM,E085,ICD-10-CM adaptation; not in Quan 2005 WHO ICD-10 list
elixhauser,dm_comp,elix_dm_comp,"Diabetes, complicated",0,ICD10CM,E086,ICD-10-CM adaptation; not in Quan 2005 WHO ICD-10 list
elixhauser,dm_comp,elix_dm_comp,"Diabetes, complicated",0,ICD10CM,E088,ICD-10-CM adaptation; not in Quan 2005 WHO ICD-10 list
elixhauser,dm_comp,elix_dm_comp,"Diabetes, complicated",0,ICD10CM,E092,ICD-10-CM adaptation; not in Quan 2005 WHO ICD-10 list
elixhauser,dm_comp,elix_dm_comp,"Diabetes, complicated",0,ICD10CM,E093,ICD-10-CM adaptation; not in Quan 2005 WHO ICD-10 list
elixhauser,dm_comp,elix_dm_comp,"Diabetes, complicated",0,ICD10CM,E094,ICD-10-CM adaptation; not in Quan 2005 WHO ICD-10 list
elixhauser,dm_comp,elix_dm_comp,"Diabetes, complicated",0,ICD10CM,E095,ICD-10-CM adaptation; not in Quan 2005 WHO ICD-10 list
elixhauser,dm_comp,elix_dm_comp,"Diabetes, complicated",0,ICD10CM,E096,ICD-10-CM adaptation; not in Quan 2005 WHO ICD-10 list
elixhauser,dm_comp,elix_dm_comp,"Diabetes, complicated",0,ICD10CM,E098,ICD-10-CM adaptation; not in Quan 2005 WHO ICD-10 list
elixhauser,dm_comp,elix_dm_comp,"Diabetes, complicated",0,ICD9CM,2504,
elixhauser,dm_comp,elix_dm_comp,"Diabetes, complicated",0,ICD9CM,2505,
elixhauser,dm_comp,elix_dm_comp,"Diabetes, complicated",0,ICD9CM,2506,
elixhauser,dm_comp,elix_dm_comp,"Diabetes, complicated",0,ICD9CM,2507,
elixhauser,dm_comp,elix_dm_comp,"Diabetes, complicated",0,ICD9CM,2508,
elixhauser,dm_comp,elix_dm_comp,"Diabetes, complicated",0,ICD9CM,2509,
elixhauser,dm_comp,elix_dm_comp,"Diabetes, complicated",0,SNOMED_ANCESTOR,442793,Complication due to diabetes mellitus
elixhauser,hypothyroid,elix_hypothyroid,Hypothyroidism,0,ICD10CM,E00,
elixhauser,hypothyroid,elix_hypothyroid,Hypothyroidism,0,ICD10CM,E01,
elixhauser,hypothyroid,elix_hypothyroid,Hypothyroidism,0,ICD10CM,E02,
elixhauser,hypothyroid,elix_hypothyroid,Hypothyroidism,0,ICD10CM,E03,
elixhauser,hypothyroid,elix_hypothyroid,Hypothyroidism,0,ICD10CM,E890,
elixhauser,hypothyroid,elix_hypothyroid,Hypothyroidism,0,ICD9CM,2409,
elixhauser,hypothyroid,elix_hypothyroid,Hypothyroidism,0,ICD9CM,243,
elixhauser,hypothyroid,elix_hypothyroid,Hypothyroidism,0,ICD9CM,244,
elixhauser,hypothyroid,elix_hypothyroid,Hypothyroidism,0,ICD9CM,2461,
elixhauser,hypothyroid,elix_hypothyroid,Hypothyroidism,0,ICD9CM,2468,
elixhauser,hypothyroid,elix_hypothyroid,Hypothyroidism,0,SNOMED_ANCESTOR,140673,Hypothyroidism
elixhauser,renal_failure,elix_renal_failure,Renal failure,5,ICD10CM,I120,
elixhauser,renal_failure,elix_renal_failure,Renal failure,5,ICD10CM,I131,
elixhauser,renal_failure,elix_renal_failure,Renal failure,5,ICD10CM,N18,
elixhauser,renal_failure,elix_renal_failure,Renal failure,5,ICD10CM,N19,
elixhauser,renal_failure,elix_renal_failure,Renal failure,5,ICD10CM,N250,
elixhauser,renal_failure,elix_renal_failure,Renal failure,5,ICD10CM,Z490,
elixhauser,renal_failure,elix_renal_failure,Renal failure,5,ICD10CM,Z940,
elixhauser,renal_failure,elix_renal_failure,Renal failure,5,ICD10CM,Z992,
elixhauser,renal_failure,elix_renal_failure,Renal failure,5,ICD10CM,Z493,ICD-10-CM adaptation; not in Quan 2005 WHO ICD-10 list
elixhauser,renal_failure,elix_renal_failure,Renal failure,5,ICD9CM,40301,
elixhauser,renal_failure,elix_renal_failure,Renal failure,5,ICD9CM,40311,
elixhauser,renal_failure,elix_renal_failure,Renal failure,5,ICD9CM,40391,
elixhauser,renal_failure,elix_renal_failure,Renal failure,5,ICD9CM,40402,
elixhauser,renal_failure,elix_renal_failure,Renal failure,5,ICD9CM,40403,
elixhauser,renal_failure,elix_renal_failure,Renal failure,5,ICD9CM,40412,
elixhauser,renal_failure,elix_renal_failure,Renal failure,5,ICD9CM,40413,
elixhauser,renal_failure,elix_renal_failure,Renal failure,5,ICD9CM,40492,
elixhauser,renal_failure,elix_renal_failure,Renal failure,5,ICD9CM,40493,
elixhauser,renal_failure,elix_renal_failure,Renal failure,5,ICD9CM,585,
elixhauser,renal_failure,elix_renal_failure,Renal failure,5,ICD9CM,586,
elixhauser,renal_failure,elix_renal_failure,Renal failure,5,ICD9CM,5880,
elixhauser,renal_failure,elix_renal_failure,Renal failure,5,ICD9CM,V420,
elixhauser,renal_failure,elix_renal_failure,Renal failure,5,ICD9CM,V451,
elixhauser,renal_failure,elix_renal_failure,Renal failure,5,ICD9CM,V56,
elixhauser,renal_failure,elix_renal_failure,Renal failure,5,SNOMED_ANCESTOR,46271022,Chronic kidney disease
elixhauser,liver_disease,elix_liver_disease,Liver disease,11,ICD10CM,B18,
elixhauser,liver_disease,elix_liver_disease,Liver disease,11,ICD10CM,I85,
elixhauser,liver_disease,elix_liver_disease,Liver disease,11,ICD10CM,I864,
elixhauser,liver_disease,elix_liver_disease,Liver disease,11,ICD10CM,K70,
elixhauser,liver_disease,elix_liver_disease,Liver disease,11,ICD10CM,K711,
elixhauser,liver_disease,elix_liver_disease,Liver disease,11,ICD10CM,K713,
elixhauser,liver_disease,elix_liver_disease,Liver disease,11,ICD10CM,K714,
elixhauser,liver_disease,elix_liver_disease,Liver disease,11,ICD10CM,K715,
elixhauser,liver_disease,elix_liver_disease,Liver disease,11,ICD10CM,K717,
elixhauser,liver_disease,elix_liver_disease,Liver disease,11,ICD10CM,K72,
elixhauser,liver_disease,elix_liver_disease,Liver disease,11,ICD10CM,K73,
elixhauser,liver_disease,elix_liver_disease,Liver disease,11,ICD10CM,K74,
elixhauser,liver_disease,elix_liver_disease,Liver disease,11,ICD10CM,K760,
elixhauser,liver_disease,elix_liver_disease,Liver disease,11,ICD10CM,K762,
elixhauser,liver_disease,elix_liver_disease,Liver disease,11,ICD10CM,K763,
elixhauser,liver_disease,elix_liver_disease,Liver disease,11,ICD10CM,K764,
elixhauser,liver_disease,elix_liver_disease,Liver disease,11,ICD10CM,K765,
elixhauser,liver_disease,elix_liver_disease,Liver disease,11,ICD10CM,K766,
elixhauser,liver_disease,elix_liver_disease,Liver disease,11,ICD10CM,K767,
elixhauser,liver_disease,elix_liver_disease,Liver disease,11,ICD10CM,K768,
elixhauser,liver_disease,elix_liver_disease,Liver disease,11,ICD10CM,K769,
elixhauser,liver_disease,elix_liver_disease,Liver disease,11,ICD10CM,Z944,
elixhauser,liver_disease,elix_liver_disease,Liver disease,11,ICD9CM,07022,
elixhauser,liver_disease,elix_liver_disease,Liver disease,11,ICD9CM,07023,
elixhauser,liver_disease,elix_liver_disease,Liver disease,11,ICD9CM,07032,
elixhauser,liver_disease,elix_liver_disease,Liver disease,11,ICD9CM,07033,
elixhauser,liver_disease,elix_liver_disease,Liver disease,11,ICD9CM,07044,
elixhauser,liver_disease,elix_liver_disease,Liver disease,11,ICD9CM,07054,
elixhauser,liver_disease,elix_liver_disease,Liver disease,11,ICD9CM,0706,
elixhauser,liver_disease,elix_liver_disease,Liver disease,11,ICD9CM,0709,
elixhauser,liver_disease,elix_liver_disease,Liver disease,11,ICD9CM,4560,
elixhauser,liver_disease,elix_liver_disease,Liver disease,11,ICD9CM,4561,
elixhauser,liver_disease,elix_liver_disease,Liver disease,11,ICD9CM,4562,
elixhauser,liver_disease,elix_liver_disease,Liver disease,11,ICD9CM,570,
elixhauser,liver_disease,elix_liver_disease,Liver disease,11,ICD9CM,571,
elixhauser,liver_disease,elix_liver_disease,Liver disease,11,ICD9CM,5722,
elixhauser,liver_disease,elix_liver_disease,Liver disease,11,ICD9CM,5723,
elixhauser,liver_disease,elix_liver_disease,Liver disease,11,ICD9CM,5724,
elixhauser,liver_disease,elix_liver_disease,Liver disease,11,ICD9CM,5728,
elixhauser,liver_disease,elix_liver_disease,Liver disease,11,ICD9CM,5733,
elixhauser,liver_disease,elix_liver_disease,Liver disease,11,ICD9CM,5734,
elixhauser,liver_disease,elix_liver_disease,Liver disease,11,ICD9CM,5738,
elixhauser,liver_disease,elix_liver_disease,Liver disease,11,ICD9CM,5739,
elixhauser,liver_disease,elix_liver_disease,Liver disease,11,ICD9CM,V427,
elixhauser,liver_disease,elix_liver_disease,Liver disease,11,SNOMED_ANCESTOR,4212540,Chronic liver disease
elixhauser,liver_disease,elix_liver_disease,Liver disease,11,SNOMED_ANCESTOR,4245975,Hepatic failure
elixhauser,liver_disease,elix_liver_disease,Liver disease,11,SNOMED_ANCESTOR,201612,Alcoholic liver damage
elixhauser,liver_disease,elix_liver_disease,Liver disease,11,SNOMED_ANCESTOR,24966,Esophageal varices
elixhauser,liver_disease,elix_liver_disease,Liver disease,11,SNOMED_ANCESTOR,192680,Portal hypertension
elixhauser,pud,elix_pud,Peptic ulcer disease excluding bleeding,0,ICD10CM,K257,
elixhauser,pud,elix_pud,Peptic ulcer disease excluding bleeding,0,ICD10CM,K259,
elixhauser,pud,elix_pud,Peptic ulcer disease excluding bleeding,0,ICD10CM,K267,
elixhauser,pud,elix_pud,Peptic ulcer disease excluding bleeding,0,ICD10CM,K269,
elixhauser,pud,elix_pud,Peptic ulcer disease excluding bleeding,0,ICD10CM,K277,
elixhauser,pud,elix_pud,Peptic ulcer disease excluding bleeding,0,ICD10CM,K279,
elixhauser,pud,elix_pud,Peptic ulcer disease excluding bleeding,0,ICD10CM,K287,
elixhauser,pud,elix_pud,Peptic ulcer disease excluding bleeding,0,ICD10CM,K289,
elixhauser,pud,elix_pud,Peptic ulcer disease excluding bleeding,0,ICD9CM,5317,
elixhauser,pud,elix_pud,Peptic ulcer disease excluding bleeding,0,ICD9CM,5319,
elixhauser,pud,elix_pud,Peptic ulcer disease excluding bleeding,0,ICD9CM,5327,
elixhauser,pud,elix_pud,Peptic ulcer disease excluding bleeding,0,ICD9CM,5329,
elixhauser,pud,elix_pud,Peptic ulcer disease excluding bleeding,0,ICD9CM,5337,
elixhauser,pud,elix_pud,Peptic ulcer disease excluding bleeding,0,ICD9CM,5339,
elixhauser,pud,elix_pud,Peptic ulcer disease excluding bleeding,0,ICD9CM,5347,
elixhauser,pud,elix_pud,Peptic ulcer disease excluding bleeding,0,ICD9CM,5349,
elixhauser,pud,elix_pud,Peptic ulcer disease excluding bleeding,0,SNOMED_ANCESTOR,4248429,Gastric ulcer without hemorrhage AND without perforation
elixhauser,pud,elix_pud,Peptic ulcer disease excluding bleeding,0,SNOMED_ANCESTOR,4209746,Duodenal ulcer without hemorrhage AND without perforation
elixhauser,pud,elix_pud,Peptic ulcer disease excluding bleeding,0,SNOMED_ANCESTOR,4101104,Gastrojejunal ulcer without hemorrhage AND without perforation
elixhauser,hiv,elix_hiv,AIDS/HIV,0,ICD10CM,B20,
elixhauser,hiv,elix_hiv,AIDS/HIV,0,ICD9CM,042,
elixhauser,hiv,elix_hiv,AIDS/HIV,0,SNOMED_ANCESTOR,439727,Human immunodeficiency virus infection
elixhauser,lymphoma,elix_lymphoma,Lymphoma,9,ICD10CM,C81,
elixhauser,lymphoma,elix_lymphoma,Lymphoma,9,ICD10CM,C82,
elixhauser,lymphoma,elix_lymphoma,Lymphoma,9,ICD10CM,C83,
elixhauser,lymphoma,elix_lymphoma,Lymphoma,9,ICD10CM,C84,
elixhauser,lymphoma,elix_lymphoma,Lymphoma,9,ICD10CM,C85,
elixhauser,lymphoma,elix_lymphoma,Lymphoma,9,ICD10CM,C88,
elixhauser,lymphoma,elix_lymphoma,Lymphoma,9,ICD10CM,C96,
elixhauser,lymphoma,elix_lymphoma,Lymphoma,9,ICD10CM,C900,
elixhauser,lymphoma,elix_lymphoma,Lymphoma,9,ICD10CM,C902,
elixhauser,lymphoma,elix_lymphoma,Lymphoma,9,ICD10CM,C86,ICD-10-CM adaptation; not in Quan 2005 WHO ICD-10 list
elixhauser,lymphoma,elix_lymphoma,Lymphoma,9,ICD9CM,200,
elixhauser,lymphoma,elix_lymphoma,Lymphoma,9,ICD9CM,201,
elixhauser,lymphoma,elix_lymphoma,Lymphoma,9,ICD9CM,202,
elixhauser,lymphoma,elix_lymphoma,Lymphoma,9,ICD9CM,2030,
elixhauser,lymphoma,elix_lymphoma,Lymphoma,9,ICD9CM,2386,
elixhauser,lymphoma,elix_lymphoma,Lymphoma,9,SNOMED_ANCESTOR,432571,Malignant lymphoma
elixhauser,lymphoma,elix_lymphoma,Lymphoma,9,SNOMED_ANCESTOR,437233,Multiple myeloma
elixhauser,lymphoma,elix_lymphoma,Lymphoma,9,SNOMED_ANCESTOR,4094548,Extramedullary plasmacytoma
elixhauser,lymphoma,elix_lymphoma,Lymphoma,9,SNOMED_ANCESTOR,4003834,Malignant immunoproliferative disease (clinical)
elixhauser,mets,elix_mets,Metastatic cancer,12,ICD10CM,C77,
elixhauser,mets,elix_mets,Metastatic cancer,12,ICD10CM,C78,
elixhauser,mets,elix_mets,Metastatic cancer,12,ICD10CM,C79,
elixhauser,mets,elix_mets,Metastatic cancer,12,ICD10CM,C80,
elixhauser,mets,elix_mets,Metastatic cancer,12,ICD9CM,196,
elixhauser,mets,elix_mets,Metastatic cancer,12,ICD9CM,197,
elixhauser,mets,elix_mets,Metastatic cancer,12,ICD9CM,198,
elixhauser,mets,elix_mets,Metastatic cancer,12,ICD9CM,199,
elixhauser,mets,elix_mets,Metastatic cancer,12,SNOMED_ANCESTOR,604497,Metastatic adenocarcinoma
elixhauser,mets,elix_mets,Metastatic cancer,12,SNOMED_ANCESTOR,4301510,Metastatic squamous cell carcinoma
elixhauser,mets,elix_mets,Metastatic cancer,12,SNOMED_ANCESTOR,45773365,Metastatic renal cell carcinoma
elixhauser,mets,elix_mets,Metastatic cancer,12,SNOMED_ANCESTOR,40481908,Metastatic malignant melanoma
elixhauser,mets,elix_mets,Metastatic cancer,12,SNOMED_ANCESTOR,40480137,Metastatic sarcoma
elixhauser,mets,elix_mets,Metastatic cancer,12,SNOMED_ANCESTOR,36684857,Metastatic non-small cell lung cancer
elixhauser,mets,elix_mets,Metastatic cancer,12,SNOMED_ANCESTOR,37165127,Metastatic small cell neuroendocrine carcinoma
elixhauser,mets,elix_mets,Metastatic cancer,12,SNOMED_ANCESTOR,37162050,Metastatic hepatocellular carcinoma
elixhauser,solid_tumor,elix_solid_tumor,Solid tumor without metastasis,4,ICD10CM,C00,
elixhauser,solid_tumor,elix_solid_tumor,Solid tumor without metastasis,4,ICD10CM,C01,
elixhauser,solid_tumor,elix_solid_tumor,Solid tumor without metastasis,4,ICD10CM,C02,
elixhauser,solid_tumor,elix_solid_tumor,Solid tumor without metastasis,4,ICD10CM,C03,
elixhauser,solid_tumor,elix_solid_tumor,Solid tumor without metastasis,4,ICD10CM,C04,
elixhauser,solid_tumor,elix_solid_tumor,Solid tumor without metastasis,4,ICD10CM,C05,
elixhauser,solid_tumor,elix_solid_tumor,Solid tumor without metastasis,4,ICD10CM,C06,
elixhauser,solid_tumor,elix_solid_tumor,Solid tumor without metastasis,4,ICD10CM,C07,
elixhauser,solid_tumor,elix_solid_tumor,Solid tumor without metastasis,4,ICD10CM,C08,
elixhauser,solid_tumor,elix_solid_tumor,Solid tumor without metastasis,4,ICD10CM,C09,
elixhauser,solid_tumor,elix_solid_tumor,Solid tumor without metastasis,4,ICD10CM,C10,
elixhauser,solid_tumor,elix_solid_tumor,Solid tumor without metastasis,4,ICD10CM,C11,
elixhauser,solid_tumor,elix_solid_tumor,Solid tumor without metastasis,4,ICD10CM,C12,
elixhauser,solid_tumor,elix_solid_tumor,Solid tumor without metastasis,4,ICD10CM,C13,
elixhauser,solid_tumor,elix_solid_tumor,Solid tumor without metastasis,4,ICD10CM,C14,
elixhauser,solid_tumor,elix_solid_tumor,Solid tumor without metastasis,4,ICD10CM,C15,
elixhauser,solid_tumor,elix_solid_tumor,Solid tumor without metastasis,4,ICD10CM,C16,
elixhauser,solid_tumor,elix_solid_tumor,Solid tumor without metastasis,4,ICD10CM,C17,
elixhauser,solid_tumor,elix_solid_tumor,Solid tumor without metastasis,4,ICD10CM,C18,
elixhauser,solid_tumor,elix_solid_tumor,Solid tumor without metastasis,4,ICD10CM,C19,
elixhauser,solid_tumor,elix_solid_tumor,Solid tumor without metastasis,4,ICD10CM,C20,
elixhauser,solid_tumor,elix_solid_tumor,Solid tumor without metastasis,4,ICD10CM,C21,
elixhauser,solid_tumor,elix_solid_tumor,Solid tumor without metastasis,4,ICD10CM,C22,
elixhauser,solid_tumor,elix_solid_tumor,Solid tumor without metastasis,4,ICD10CM,C23,
elixhauser,solid_tumor,elix_solid_tumor,Solid tumor without metastasis,4,ICD10CM,C24,
elixhauser,solid_tumor,elix_solid_tumor,Solid tumor without metastasis,4,ICD10CM,C25,
elixhauser,solid_tumor,elix_solid_tumor,Solid tumor without metastasis,4,ICD10CM,C26,
elixhauser,solid_tumor,elix_solid_tumor,Solid tumor without metastasis,4,ICD10CM,C30,
elixhauser,solid_tumor,elix_solid_tumor,Solid tumor without metastasis,4,ICD10CM,C31,
elixhauser,solid_tumor,elix_solid_tumor,Solid tumor without metastasis,4,ICD10CM,C32,
elixhauser,solid_tumor,elix_solid_tumor,Solid tumor without metastasis,4,ICD10CM,C33,
elixhauser,solid_tumor,elix_solid_tumor,Solid tumor without metastasis,4,ICD10CM,C34,
elixhauser,solid_tumor,elix_solid_tumor,Solid tumor without metastasis,4,ICD10CM,C37,
elixhauser,solid_tumor,elix_solid_tumor,Solid tumor without metastasis,4,ICD10CM,C38,
elixhauser,solid_tumor,elix_solid_tumor,Solid tumor without metastasis,4,ICD10CM,C39,
elixhauser,solid_tumor,elix_solid_tumor,Solid tumor without metastasis,4,ICD10CM,C40,
elixhauser,solid_tumor,elix_solid_tumor,Solid tumor without metastasis,4,ICD10CM,C41,
elixhauser,solid_tumor,elix_solid_tumor,Solid tumor without metastasis,4,ICD10CM,C43,
elixhauser,solid_tumor,elix_solid_tumor,Solid tumor without metastasis,4,ICD10CM,C45,
elixhauser,solid_tumor,elix_solid_tumor,Solid tumor without metastasis,4,ICD10CM,C46,
elixhauser,solid_tumor,elix_solid_tumor,Solid tumor without metastasis,4,ICD10CM,C47,
elixhauser,solid_tumor,elix_solid_tumor,Solid tumor without metastasis,4,ICD10CM,C48,
elixhauser,solid_tumor,elix_solid_tumor,Solid tumor without metastasis,4,ICD10CM,C49,
elixhauser,solid_tumor,elix_solid_tumor,Solid tumor without metastasis,4,ICD10CM,C50,
elixhauser,solid_tumor,elix_solid_tumor,Solid tumor without metastasis,4,ICD10CM,C51,
elixhauser,solid_tumor,elix_solid_tumor,Solid tumor without metastasis,4,ICD10CM,C52,
elixhauser,solid_tumor,elix_solid_tumor,Solid tumor without metastasis,4,ICD10CM,C53,
elixhauser,solid_tumor,elix_solid_tumor,Solid tumor without metastasis,4,ICD10CM,C54,
elixhauser,solid_tumor,elix_solid_tumor,Solid tumor without metastasis,4,ICD10CM,C55,
elixhauser,solid_tumor,elix_solid_tumor,Solid tumor without metastasis,4,ICD10CM,C56,
elixhauser,solid_tumor,elix_solid_tumor,Solid tumor without metastasis,4,ICD10CM,C57,
elixhauser,solid_tumor,elix_solid_tumor,Solid tumor without metastasis,4,ICD10CM,C58,
elixhauser,solid_tumor,elix_solid_tumor,Solid tumor without metastasis,4,ICD10CM,C60,
elixhauser,solid_tumor,elix_solid_tumor,Solid tumor without metastasis,4,ICD10CM,C61,
elixhauser,solid_tumor,elix_solid_tumor,Solid tumor without metastasis,4,ICD10CM,C62,
elixhauser,solid_tumor,elix_solid_tumor,Solid tumor without metastasis,4,ICD10CM,C63,
elixhauser,solid_tumor,elix_solid_tumor,Solid tumor without metastasis,4,ICD10CM,C64,
elixhauser,solid_tumor,elix_solid_tumor,Solid tumor without metastasis,4,ICD10CM,C65,
elixhauser,solid_tumor,elix_solid_tumor,Solid tumor without metastasis,4,ICD10CM,C66,
elixhauser,solid_tumor,elix_solid_tumor,Solid tumor without metastasis,4,ICD10CM,C67,
elixhauser,solid_tumor,elix_solid_tumor,Solid tumor without metastasis,4,ICD10CM,C68,
elixhauser,solid_tumor,elix_solid_tumor,Solid tumor without metastasis,4,ICD10CM,C69,
elixhauser,solid_tumor,elix_solid_tumor,Solid tumor without metastasis,4,ICD10CM,C70,
elixhauser,solid_tumor,elix_solid_tumor,Solid tumor without metastasis,4,ICD10CM,C71,
elixhauser,solid_tumor,elix_solid_tumor,Solid tumor without metastasis,4,ICD10CM,C72,
elixhauser,solid_tumor,elix_solid_tumor,Solid tumor without metastasis,4,ICD10CM,C73,
elixhauser,solid_tumor,elix_solid_tumor,Solid tumor without metastasis,4,ICD10CM,C74,
elixhauser,solid_tumor,elix_solid_tumor,Solid tumor without metastasis,4,ICD10CM,C75,
elixhauser,solid_tumor,elix_solid_tumor,Solid tumor without metastasis,4,ICD10CM,C76,
elixhauser,solid_tumor,elix_solid_tumor,Solid tumor without metastasis,4,ICD9CM,140,
elixhauser,solid_tumor,elix_solid_tumor,Solid tumor without metastasis,4,ICD9CM,141,
elixhauser,solid_tumor,elix_solid_tumor,Solid tumor without metastasis,4,ICD9CM,142,
elixhauser,solid_tumor,elix_solid_tumor,Solid tumor without metastasis,4,ICD9CM,143,
elixhauser,solid_tumor,elix_solid_tumor,Solid tumor without metastasis,4,ICD9CM,144,
elixhauser,solid_tumor,elix_solid_tumor,Solid tumor without metastasis,4,ICD9CM,145,
elixhauser,solid_tumor,elix_solid_tumor,Solid tumor without metastasis,4,ICD9CM,146,
elixhauser,solid_tumor,elix_solid_tumor,Solid tumor without metastasis,4,ICD9CM,147,
elixhauser,solid_tumor,elix_solid_tumor,Solid tumor without metastasis,4,ICD9CM,148,
elixhauser,solid_tumor,elix_solid_tumor,Solid tumor without metastasis,4,ICD9CM,149,
elixhauser,solid_tumor,elix_solid_tumor,Solid tumor without metastasis,4,ICD9CM,150,
elixhauser,solid_tumor,elix_solid_tumor,Solid tumor without metastasis,4,ICD9CM,151,
elixhauser,solid_tumor,elix_solid_tumor,Solid tumor without metastasis,4,ICD9CM,152,
elixhauser,solid_tumor,elix_solid_tumor,Solid tumor without metastasis,4,ICD9CM,153,
elixhauser,solid_tumor,elix_solid_tumor,Solid tumor without metastasis,4,ICD9CM,154,
elixhauser,solid_tumor,elix_solid_tumor,Solid tumor without metastasis,4,ICD9CM,155,
elixhauser,solid_tumor,elix_solid_tumor,Solid tumor without metastasis,4,ICD9CM,156,
elixhauser,solid_tumor,elix_solid_tumor,Solid tumor without metastasis,4,ICD9CM,157,
elixhauser,solid_tumor,elix_solid_tumor,Solid tumor without metastasis,4,ICD9CM,158,
elixhauser,solid_tumor,elix_solid_tumor,Solid tumor without metastasis,4,ICD9CM,159,
elixhauser,solid_tumor,elix_solid_tumor,Solid tumor without metastasis,4,ICD9CM,160,
elixhauser,solid_tumor,elix_solid_tumor,Solid tumor without metastasis,4,ICD9CM,161,
elixhauser,solid_tumor,elix_solid_tumor,Solid tumor without metastasis,4,ICD9CM,162,
elixhauser,solid_tumor,elix_solid_tumor,Solid tumor without metastasis,4,ICD9CM,163,
elixhauser,solid_tumor,elix_solid_tumor,Solid tumor without metastasis,4,ICD9CM,164,
elixhauser,solid_tumor,elix_solid_tumor,Solid tumor without metastasis,4,ICD9CM,165,
elixhauser,solid_tumor,elix_solid_tumor,Solid tumor without metastasis,4,ICD9CM,170,
elixhauser,solid_tumor,elix_solid_tumor,Solid tumor without metastasis,4,ICD9CM,171,
elixhauser,solid_tumor,elix_solid_tumor,Solid tumor without metastasis,4,ICD9CM,172,
elixhauser,solid_tumor,elix_solid_tumor,Solid tumor without metastasis,4,ICD9CM,174,
elixhauser,solid_tumor,elix_solid_tumor,Solid tumor without metastasis,4,ICD9CM,175,
elixhauser,solid_tumor,elix_solid_tumor,Solid tumor without metastasis,4,ICD9CM,176,
elixhauser,solid_tumor,elix_solid_tumor,Solid tumor without metastasis,4,ICD9CM,179,
elixhauser,solid_tumor,elix_solid_tumor,Solid tumor without metastasis,4,ICD9CM,180,
elixhauser,solid_tumor,elix_solid_tumor,Solid tumor without metastasis,4,ICD9CM,181,
elixhauser,solid_tumor,elix_solid_tumor,Solid tumor without metastasis,4,ICD9CM,182,
elixhauser,solid_tumor,elix_solid_tumor,Solid tumor without metastasis,4,ICD9CM,183,
elixhauser,solid_tumor,elix_solid_tumor,Solid tumor without metastasis,4,ICD9CM,184,
elixhauser,solid_tumor,elix_solid_tumor,Solid tumor without metastasis,4,ICD9CM,185,
elixhauser,solid_tumor,elix_solid_tumor,Solid tumor without metastasis,4,ICD9CM,186,
elixhauser,solid_tumor,elix_solid_tumor,Solid tumor without metastasis,4,ICD9CM,187,
elixhauser,solid_tumor,elix_solid_tumor,Solid tumor without metastasis,4,ICD9CM,188,
elixhauser,solid_tumor,elix_solid_tumor,Solid tumor without metastasis,4,ICD9CM,189,
elixhauser,solid_tumor,elix_solid_tumor,Solid tumor without metastasis,4,ICD9CM,190,
elixhauser,solid_tumor,elix_solid_tumor,Solid tumor without metastasis,4,ICD9CM,191,
elixhauser,solid_tumor,elix_solid_tumor,Solid tumor without metastasis,4,ICD9CM,192,
elixhauser,solid_tumor,elix_solid_tumor,Solid tumor without metastasis,4,ICD9CM,193,
elixhauser,solid_tumor,elix_solid_tumor,Solid tumor without metastasis,4,ICD9CM,194,
elixhauser,solid_tumor,elix_solid_tumor,Solid tumor without metastasis,4,ICD9CM,195,
elixhauser,solid_tumor,elix_solid_tumor,Solid tumor without metastasis,4,SNOMED_ANCESTOR,4162276,Malignant melanoma
elixhauser,solid_tumor,elix_solid_tumor,Solid tumor without metastasis,4,SNOMED_ANCESTOR,434584,Kaposi's sarcoma (clinical)
elixhauser,solid_tumor,elix_solid_tumor,Solid tumor without metastasis,4,SNOMED_ANCESTOR,4170421,Gastrointestinal stromal tumor
elixhauser,solid_tumor,elix_solid_tumor,Solid tumor without metastasis,4,SNOMED_ANCESTOR,4116069,Malignant tumor of mesothelial tissue
elixhauser,rheumatic,elix_rheumatic,Rheumatoid arthritis/collagen vascular diseases,0,ICD10CM,L940,
elixhauser,rheumatic,elix_rheumatic,Rheumatoid arthritis/collagen vascular diseases,0,ICD10CM,L941,
elixhauser,rheumatic,elix_rheumatic,Rheumatoid arthritis/collagen vascular diseases,0,ICD10CM,L943,
elixhauser,rheumatic,elix_rheumatic,Rheumatoid arthritis/collagen vascular diseases,0,ICD10CM,M05,
elixhauser,rheumatic,elix_rheumatic,Rheumatoid arthritis/collagen vascular diseases,0,ICD10CM,M06,
elixhauser,rheumatic,elix_rheumatic,Rheumatoid arthritis/collagen vascular diseases,0,ICD10CM,M08,
elixhauser,rheumatic,elix_rheumatic,Rheumatoid arthritis/collagen vascular diseases,0,ICD10CM,M120,
elixhauser,rheumatic,elix_rheumatic,Rheumatoid arthritis/collagen vascular diseases,0,ICD10CM,M123,
elixhauser,rheumatic,elix_rheumatic,Rheumatoid arthritis/collagen vascular diseases,0,ICD10CM,M30,
elixhauser,rheumatic,elix_rheumatic,Rheumatoid arthritis/collagen vascular diseases,0,ICD10CM,M310,
elixhauser,rheumatic,elix_rheumatic,Rheumatoid arthritis/collagen vascular diseases,0,ICD10CM,M311,
elixhauser,rheumatic,elix_rheumatic,Rheumatoid arthritis/collagen vascular diseases,0,ICD10CM,M312,
elixhauser,rheumatic,elix_rheumatic,Rheumatoid arthritis/collagen vascular diseases,0,ICD10CM,M313,
elixhauser,rheumatic,elix_rheumatic,Rheumatoid arthritis/collagen vascular diseases,0,ICD10CM,M32,
elixhauser,rheumatic,elix_rheumatic,Rheumatoid arthritis/collagen vascular diseases,0,ICD10CM,M33,
elixhauser,rheumatic,elix_rheumatic,Rheumatoid arthritis/collagen vascular diseases,0,ICD10CM,M34,
elixhauser,rheumatic,elix_rheumatic,Rheumatoid arthritis/collagen vascular diseases,0,ICD10CM,M35,
elixhauser,rheumatic,elix_rheumatic,Rheumatoid arthritis/collagen vascular diseases,0,ICD10CM,M45,
elixhauser,rheumatic,elix_rheumatic,Rheumatoid arthritis/collagen vascular diseases,0,ICD10CM,M461,
elixhauser,rheumatic,elix_rheumatic,Rheumatoid arthritis/collagen vascular diseases,0,ICD10CM,M468,
elixhauser,rheumatic,elix_rheumatic,Rheumatoid arthritis/collagen vascular diseases,0,ICD10CM,M469,
elixhauser,rheumatic,elix_rheumatic,Rheumatoid arthritis/collagen vascular diseases,0,ICD9CM,446,
elixhauser,rheumatic,elix_rheumatic,Rheumatoid arthritis/collagen vascular diseases,0,ICD9CM,7010,
elixhauser,rheumatic,elix_rheumatic,Rheumatoid arthritis/collagen vascular diseases,0,ICD9CM,7100,
elixhauser,rheumatic,elix_rheumatic,Rheumatoid arthritis/collagen vascular diseases,0,ICD9CM,7101,
elixhauser,rheumatic,elix_rheumatic,Rheumatoid arthritis/collagen vascular diseases,0,ICD9CM,7102,
elixhauser,rheumatic,elix_rheumatic,Rheumatoid arthritis/collagen vascular diseases,0,ICD9CM,7103,
elixhauser,rheumatic,elix_rheumatic,Rheumatoid arthritis/collagen vascular diseases,0,ICD9CM,7104,
elixhauser,rheumatic,elix_rheumatic,Rheumatoid arthritis/collagen vascular diseases,0,ICD9CM,7108,
elixhauser,rheumatic,elix_rheumatic,Rheumatoid arthritis/collagen vascular diseases,0,ICD9CM,7109,
elixhauser,rheumatic,elix_rheumatic,Rheumatoid arthritis/collagen vascular diseases,0,ICD9CM,7112,
elixhauser,rheumatic,elix_rheumatic,Rheumatoid arthritis/collagen vascular diseases,0,ICD9CM,714,
elixhauser,rheumatic,elix_rheumatic,Rheumatoid arthritis/collagen vascular diseases,0,ICD9CM,7193,
elixhauser,rheumatic,elix_rheumatic,Rheumatoid arthritis/collagen vascular diseases,0,ICD9CM,720,
elixhauser,rheumatic,elix_rheumatic,Rheumatoid arthritis/collagen vascular diseases,0,ICD9CM,725,
elixhauser,rheumatic,elix_rheumatic,Rheumatoid arthritis/collagen vascular diseases,0,ICD9CM,7285,
elixhauser,rheumatic,elix_rheumatic,Rheumatoid arthritis/collagen vascular diseases,0,ICD9CM,72889,
elixhauser,rheumatic,elix_rheumatic,Rheumatoid arthritis/collagen vascular diseases,0,ICD9CM,72930,
elixhauser,rheumatic,elix_rheumatic,Rheumatoid arthritis/collagen vascular diseases,0,SNOMED_ANCESTOR,80809,Rheumatoid arthritis
elixhauser,rheumatic,elix_rheumatic,Rheumatoid arthritis/collagen vascular diseases,0,SNOMED_ANCESTOR,4259507,Juvenile idiopathic arthritis
elixhauser,rheumatic,elix_rheumatic,Rheumatoid arthritis/collagen vascular diseases,0,SNOMED_ANCESTOR,257628,Systemic lupus erythematosus
elixhauser,rheumatic,elix_rheumatic,Rheumatoid arthritis/collagen vascular diseases,0,SNOMED_ANCESTOR,134442,Systemic sclerosis
elixhauser,rheumatic,elix_rheumatic,Rheumatoid arthritis/collagen vascular diseases,0,SNOMED_ANCESTOR,437082,Ankylosing spondylitis
elixhauser,rheumatic,elix_rheumatic,Rheumatoid arthritis/collagen vascular diseases,0,SNOMED_ANCESTOR,320749,Polyarteritis nodosa
elixhauser,rheumatic,elix_rheumatic,Rheumatoid arthritis/collagen vascular diseases,0,SNOMED_ANCESTOR,80182,Dermatomyositis
elixhauser,rheumatic,elix_rheumatic,Rheumatoid arthritis/collagen vascular diseases,0,SNOMED_ANCESTOR,80800,Polymyositis
elixhauser,rheumatic,elix_rheumatic,Rheumatoid arthritis/collagen vascular diseases,0,SNOMED_ANCESTOR,255348,Polymyalgia rheumatica
elixhauser,rheumatic,elix_rheumatic,Rheumatoid arthritis/collagen vascular diseases,0,SNOMED_ANCESTOR,254443,Sjogren's syndrome
elixhauser,rheumatic,elix_rheumatic,Rheumatoid arthritis/collagen vascular diseases,0,SNOMED_ANCESTOR,436642,Behcet's syndrome
elixhauser,rheumatic,elix_rheumatic,Rheumatoid arthritis/collagen vascular diseases,0,SNOMED_ANCESTOR,313223,Granulomatosis with polyangiitis
elixhauser,rheumatic,elix_rheumatic,Rheumatoid arthritis/collagen vascular diseases,0,SNOMED_ANCESTOR,4066845,Morphea
elixhauser,coagulopathy,elix_coagulopathy,Coagulopathy,3,ICD10CM,D65,
elixhauser,coagulopathy,elix_coagulopathy,Coagulopathy,3,ICD10CM,D66,
elixhauser,coagulopathy,elix_coagulopathy,Coagulopathy,3,ICD10CM,D67,
elixhauser,coagulopathy,elix_coagulopathy,Coagulopathy,3,ICD10CM,D68,
elixhauser,coagulopathy,elix_coagulopathy,Coagulopathy,3,ICD10CM,D691,
elixhauser,coagulopathy,elix_coagulopathy,Coagulopathy,3,ICD10CM,D693,
elixhauser,coagulopathy,elix_coagulopathy,Coagulopathy,3,ICD10CM,D694,
elixhauser,coagulopathy,elix_coagulopathy,Coagulopathy,3,ICD10CM,D695,
elixhauser,coagulopathy,elix_coagulopathy,Coagulopathy,3,ICD10CM,D696,
elixhauser,coagulopathy,elix_coagulopathy,Coagulopathy,3,ICD9CM,286,
elixhauser,coagulopathy,elix_coagulopathy,Coagulopathy,3,ICD9CM,2871,
elixhauser,coagulopathy,elix_coagulopathy,Coagulopathy,3,ICD9CM,2873,
elixhauser,coagulopathy,elix_coagulopathy,Coagulopathy,3,ICD9CM,2874,
elixhauser,coagulopathy,elix_coagulopathy,Coagulopathy,3,ICD9CM,2875,
elixhauser,coagulopathy,elix_coagulopathy,Coagulopathy,3,SNOMED_ANCESTOR,432585,Blood coagulation disorder
elixhauser,coagulopathy,elix_coagulopathy,Coagulopathy,3,SNOMED_ANCESTOR,4028065,Primary ITP (immune thrombocytopenia)
elixhauser,coagulopathy,elix_coagulopathy,Coagulopathy,3,SNOMED_ANCESTOR,4119134,Thrombocytopenic purpura
elixhauser,coagulopathy,elix_coagulopathy,Coagulopathy,3,SNOMED_ANCESTOR,441264,Primary thrombocytopenia
elixhauser,coagulopathy,elix_coagulopathy,Coagulopathy,3,SNOMED_ANCESTOR,437241,Qualitative platelet disorder
elixhauser,obesity,elix_obesity,Obesity,-4,ICD10CM,E66,
elixhauser,obesity,elix_obesity,Obesity,-4,ICD9CM,2780,
elixhauser,obesity,elix_obesity,Obesity,-4,SNOMED_ANCESTOR,433736,Obesity
elixhauser,weight_loss,elix_weight_loss,Weight loss,6,ICD10CM,E40,
elixhauser,weight_loss,elix_weight_loss,Weight loss,6,ICD10CM,E41,
elixhauser,weight_loss,elix_weight_loss,Weight loss,6,ICD10CM,E42,
elixhauser,weight_loss,elix_weight_loss,Weight loss,6,ICD10CM,E43,
elixhauser,weight_loss,elix_weight_loss,Weight loss,6,ICD10CM,E44,
elixhauser,weight_loss,elix_weight_loss,Weight loss,6,ICD10CM,E45,
elixhauser,weight_loss,elix_weight_loss,Weight loss,6,ICD10CM,E46,
elixhauser,weight_loss,elix_weight_loss,Weight loss,6,ICD10CM,R634,
elixhauser,weight_loss,elix_weight_loss,Weight loss,6,ICD10CM,R64,
elixhauser,weight_loss,elix_weight_loss,Weight loss,6,ICD9CM,260,
elixhauser,weight_loss,elix_weight_loss,Weight loss,6,ICD9CM,261,
elixhauser,weight_loss,elix_weight_loss,Weight loss,6,ICD9CM,262,
elixhauser,weight_loss,elix_weight_loss,Weight loss,6,ICD9CM,263,
elixhauser,weight_loss,elix_weight_loss,Weight loss,6,ICD9CM,7832,
elixhauser,weight_loss,elix_weight_loss,Weight loss,6,ICD9CM,7994,
elixhauser,weight_loss,elix_weight_loss,Weight loss,6,SNOMED_ANCESTOR,433163,Deficiency of macronutrients
elixhauser,weight_loss,elix_weight_loss,Weight loss,6,SNOMED_ANCESTOR,134765,Cachexia
elixhauser,fluid_electrolyte,elix_fluid_electrolyte,Fluid and electrolyte disorders,5,ICD10CM,E222,
elixhauser,fluid_electrolyte,elix_fluid_electrolyte,Fluid and electrolyte disorders,5,ICD10CM,E86,
elixhauser,fluid_electrolyte,elix_fluid_electrolyte,Fluid and electrolyte disorders,5,ICD10CM,E87,
elixhauser,fluid_electrolyte,elix_fluid_electrolyte,Fluid and electrolyte disorders,5,ICD9CM,2536,
elixhauser,fluid_electrolyte,elix_fluid_electrolyte,Fluid and electrolyte disorders,5,ICD9CM,276,
elixhauser,fluid_electrolyte,elix_fluid_electrolyte,Fluid and electrolyte disorders,5,SNOMED_ANCESTOR,441830,Disorder of fluid AND/OR electrolyte
elixhauser,fluid_electrolyte,elix_fluid_electrolyte,Fluid and electrolyte disorders,5,SNOMED_ANCESTOR,37311319,Hypovolemia
elixhauser,fluid_electrolyte,elix_fluid_electrolyte,Fluid and electrolyte disorders,5,SNOMED_ANCESTOR,434004,Hypervolemia
elixhauser,fluid_electrolyte,elix_fluid_electrolyte,Fluid and electrolyte disorders,5,SNOMED_ANCESTOR,4207539,Syndrome of inappropriate vasopressin secretion
elixhauser,blood_loss_anemia,elix_blood_loss_anemia,Blood loss anemia,-2,ICD10CM,D500,
elixhauser,blood_loss_anemia,elix_blood_loss_anemia,Blood loss anemia,-2,ICD9CM,2800,
elixhauser,blood_loss_anemia,elix_blood_loss_anemia,Blood loss anemia,-2,SNOMED_ANCESTOR,432875,Anemia due to chronic blood loss
elixhauser,blood_loss_anemia,elix_blood_loss_anemia,Blood loss anemia,-2,SNOMED_ANCESTOR,37119138,Iron deficiency anemia due to blood loss
elixhauser,deficiency_anemia,elix_deficiency_anemia,Deficiency anemia,-2,ICD10CM,D508,
elixhauser,deficiency_anemia,elix_deficiency_anemia,Deficiency anemia,-2,ICD10CM,D509,
elixhauser,deficiency_anemia,elix_deficiency_anemia,Deficiency anemia,-2,ICD10CM,D51,
elixhauser,deficiency_anemia,elix_deficiency_anemia,Deficiency anemia,-2,ICD10CM,D52,
elixhauser,deficiency_anemia,elix_deficiency_anemia,Deficiency anemia,-2,ICD10CM,D53,
elixhauser,deficiency_anemia,elix_deficiency_anemia,Deficiency anemia,-2,ICD9CM,2801,
elixhauser,deficiency_anemia,elix_deficiency_anemia,Deficiency anemia,-2,ICD9CM,2808,
elixhauser,deficiency_anemia,elix_deficiency_anemia,Deficiency anemia,-2,ICD9CM,2809,
elixhauser,deficiency_anemia,elix_deficiency_anemia,Deficiency anemia,-2,ICD9CM,281,
elixhauser,deficiency_anemia,elix_deficiency_anemia,Deficiency anemia,-2,SNOMED_ANCESTOR,4280354,Nutritional anemia
elixhauser,alcohol_abuse,elix_alcohol_abuse,Alcohol abuse,0,ICD10CM,F10,
elixhauser,alcohol_abuse,elix_alcohol_abuse,Alcohol abuse,0,ICD10CM,E52,Quan 2005 translation of ICD-9 265.2 (pellagra); kept for fidelity to Quan list
elixhauser,alcohol_abuse,elix_alcohol_abuse,Alcohol abuse,0,ICD10CM,G621,
elixhauser,alcohol_abuse,elix_alcohol_abuse,Alcohol abuse,0,ICD10CM,I426,
elixhauser,alcohol_abuse,elix_alcohol_abuse,Alcohol abuse,0,ICD10CM,K292,
elixhauser,alcohol_abuse,elix_alcohol_abuse,Alcohol abuse,0,ICD10CM,K700,
elixhauser,alcohol_abuse,elix_alcohol_abuse,Alcohol abuse,0,ICD10CM,K703,
elixhauser,alcohol_abuse,elix_alcohol_abuse,Alcohol abuse,0,ICD10CM,K709,
elixhauser,alcohol_abuse,elix_alcohol_abuse,Alcohol abuse,0,ICD10CM,T51,Quan 2005: toxic effect of alcohol (includes non-ethanol alcohols); kept for fidelity
elixhauser,alcohol_abuse,elix_alcohol_abuse,Alcohol abuse,0,ICD10CM,Z714,
elixhauser,alcohol_abuse,elix_alcohol_abuse,Alcohol abuse,0,ICD9CM,2652,
elixhauser,alcohol_abuse,elix_alcohol_abuse,Alcohol abuse,0,ICD9CM,2911,
elixhauser,alcohol_abuse,elix_alcohol_abuse,Alcohol abuse,0,ICD9CM,2912,
elixhauser,alcohol_abuse,elix_alcohol_abuse,Alcohol abuse,0,ICD9CM,2913,
elixhauser,alcohol_abuse,elix_alcohol_abuse,Alcohol abuse,0,ICD9CM,2915,
elixhauser,alcohol_abuse,elix_alcohol_abuse,Alcohol abuse,0,ICD9CM,2918,
elixhauser,alcohol_abuse,elix_alcohol_abuse,Alcohol abuse,0,ICD9CM,2919,
elixhauser,alcohol_abuse,elix_alcohol_abuse,Alcohol abuse,0,ICD9CM,3030,
elixhauser,alcohol_abuse,elix_alcohol_abuse,Alcohol abuse,0,ICD9CM,3039,
elixhauser,alcohol_abuse,elix_alcohol_abuse,Alcohol abuse,0,ICD9CM,3050,
elixhauser,alcohol_abuse,elix_alcohol_abuse,Alcohol abuse,0,ICD9CM,3575,
elixhauser,alcohol_abuse,elix_alcohol_abuse,Alcohol abuse,0,ICD9CM,4255,
elixhauser,alcohol_abuse,elix_alcohol_abuse,Alcohol abuse,0,ICD9CM,5353,
elixhauser,alcohol_abuse,elix_alcohol_abuse,Alcohol abuse,0,ICD9CM,5710,
elixhauser,alcohol_abuse,elix_alcohol_abuse,Alcohol abuse,0,ICD9CM,5711,
elixhauser,alcohol_abuse,elix_alcohol_abuse,Alcohol abuse,0,ICD9CM,5712,
elixhauser,alcohol_abuse,elix_alcohol_abuse,Alcohol abuse,0,ICD9CM,5713,
elixhauser,alcohol_abuse,elix_alcohol_abuse,Alcohol abuse,0,ICD9CM,980,
elixhauser,alcohol_abuse,elix_alcohol_abuse,Alcohol abuse,0,ICD9CM,V113,
elixhauser,alcohol_abuse,elix_alcohol_abuse,Alcohol abuse,0,SNOMED_ANCESTOR,1448827,Alcohol use disorder
elixhauser,alcohol_abuse,elix_alcohol_abuse,Alcohol abuse,0,SNOMED_ANCESTOR,375519,Alcohol withdrawal
elixhauser,alcohol_abuse,elix_alcohol_abuse,Alcohol abuse,0,SNOMED_ANCESTOR,4104431,Alcohol intoxication
elixhauser,alcohol_abuse,elix_alcohol_abuse,Alcohol abuse,0,SNOMED_ANCESTOR,37164773,Psychosis caused by ethanol
elixhauser,alcohol_abuse,elix_alcohol_abuse,Alcohol abuse,0,SNOMED_ANCESTOR,374623,Alcohol amnestic disorder
elixhauser,alcohol_abuse,elix_alcohol_abuse,Alcohol abuse,0,SNOMED_ANCESTOR,378421,Alcoholic polyneuropathy
elixhauser,alcohol_abuse,elix_alcohol_abuse,Alcohol abuse,0,SNOMED_ANCESTOR,37164777,Alcoholic cardiomyopathy
elixhauser,alcohol_abuse,elix_alcohol_abuse,Alcohol abuse,0,SNOMED_ANCESTOR,195300,Alcoholic gastritis
elixhauser,drug_abuse,elix_drug_abuse,Drug abuse,-7,ICD10CM,F11,
elixhauser,drug_abuse,elix_drug_abuse,Drug abuse,-7,ICD10CM,F12,
elixhauser,drug_abuse,elix_drug_abuse,Drug abuse,-7,ICD10CM,F13,
elixhauser,drug_abuse,elix_drug_abuse,Drug abuse,-7,ICD10CM,F14,
elixhauser,drug_abuse,elix_drug_abuse,Drug abuse,-7,ICD10CM,F15,
elixhauser,drug_abuse,elix_drug_abuse,Drug abuse,-7,ICD10CM,F16,
elixhauser,drug_abuse,elix_drug_abuse,Drug abuse,-7,ICD10CM,F18,
elixhauser,drug_abuse,elix_drug_abuse,Drug abuse,-7,ICD10CM,F19,
elixhauser,drug_abuse,elix_drug_abuse,Drug abuse,-7,ICD10CM,Z715,
elixhauser,drug_abuse,elix_drug_abuse,Drug abuse,-7,ICD9CM,292,
elixhauser,drug_abuse,elix_drug_abuse,Drug abuse,-7,ICD9CM,304,
elixhauser,drug_abuse,elix_drug_abuse,Drug abuse,-7,ICD9CM,3052,
elixhauser,drug_abuse,elix_drug_abuse,Drug abuse,-7,ICD9CM,3053,
elixhauser,drug_abuse,elix_drug_abuse,Drug abuse,-7,ICD9CM,3054,
elixhauser,drug_abuse,elix_drug_abuse,Drug abuse,-7,ICD9CM,3055,
elixhauser,drug_abuse,elix_drug_abuse,Drug abuse,-7,ICD9CM,3056,
elixhauser,drug_abuse,elix_drug_abuse,Drug abuse,-7,ICD9CM,3057,
elixhauser,drug_abuse,elix_drug_abuse,Drug abuse,-7,ICD9CM,3058,
elixhauser,drug_abuse,elix_drug_abuse,Drug abuse,-7,ICD9CM,3059,
elixhauser,drug_abuse,elix_drug_abuse,Drug abuse,-7,ICD9CM,V6542,
elixhauser,drug_abuse,elix_drug_abuse,Drug abuse,-7,SNOMED_ANCESTOR,1448830,Opioid use disorder
elixhauser,drug_abuse,elix_drug_abuse,Drug abuse,-7,SNOMED_ANCESTOR,1448831,Stimulant use disorder
elixhauser,drug_abuse,elix_drug_abuse,Drug abuse,-7,SNOMED_ANCESTOR,1448841,Hallucinogen use disorder
elixhauser,drug_abuse,elix_drug_abuse,Drug abuse,-7,SNOMED_ANCESTOR,1448834,Sedative use disorder
elixhauser,drug_abuse,elix_drug_abuse,Drug abuse,-7,SNOMED_ANCESTOR,1448835,Hypnotic use disorder
elixhauser,drug_abuse,elix_drug_abuse,Drug abuse,-7,SNOMED_ANCESTOR,1448836,Anxiolytic use disorder
elixhauser,drug_abuse,elix_drug_abuse,Drug abuse,-7,SNOMED_ANCESTOR,1448828,Barbiturate use disorder
elixhauser,drug_abuse,elix_drug_abuse,Drug abuse,-7,SNOMED_ANCESTOR,1448829,Volatile inhalant use disorder
elixhauser,psychoses,elix_psychoses,Psychoses,0,ICD10CM,F20,
elixhauser,psychoses,elix_psychoses,Psychoses,0,ICD10CM,F22,
elixhauser,psychoses,elix_psychoses,Psychoses,0,ICD10CM,F23,
elixhauser,psychoses,elix_psychoses,Psychoses,0,ICD10CM,F24,
elixhauser,psychoses,elix_psychoses,Psychoses,0,ICD10CM,F25,
elixhauser,psychoses,elix_psychoses,Psychoses,0,ICD10CM,F28,
elixhauser,psychoses,elix_psychoses,Psychoses,0,ICD10CM,F29,
elixhauser,psychoses,elix_psychoses,Psychoses,0,ICD10CM,F302,
elixhauser,psychoses,elix_psychoses,Psychoses,0,ICD10CM,F312,
elixhauser,psychoses,elix_psychoses,Psychoses,0,ICD10CM,F315,
elixhauser,psychoses,elix_psychoses,Psychoses,0,ICD9CM,2938,
elixhauser,psychoses,elix_psychoses,Psychoses,0,ICD9CM,295,
elixhauser,psychoses,elix_psychoses,Psychoses,0,ICD9CM,29604,
elixhauser,psychoses,elix_psychoses,Psychoses,0,ICD9CM,29614,
elixhauser,psychoses,elix_psychoses,Psychoses,0,ICD9CM,29644,
elixhauser,psychoses,elix_psychoses,Psychoses,0,ICD9CM,29654,
elixhauser,psychoses,elix_psychoses,Psychoses,0,ICD9CM,297,
elixhauser,psychoses,elix_psychoses,Psychoses,0,ICD9CM,298,
elixhauser,psychoses,elix_psychoses,Psychoses,0,SNOMED_ANCESTOR,435783,Schizophrenia
elixhauser,psychoses,elix_psychoses,Psychoses,0,SNOMED_ANCESTOR,432590,Delusional disorder
elixhauser,psychoses,elix_psychoses,Psychoses,0,SNOMED_ANCESTOR,4286201,Schizoaffective disorder
elixhauser,psychoses,elix_psychoses,Psychoses,0,SNOMED_ANCESTOR,618641,Acute psychosis
elixhauser,psychoses,elix_psychoses,Psychoses,0,SNOMED_ANCESTOR,4101149,Non-organic psychosis
elixhauser,psychoses,elix_psychoses,Psychoses,0,SNOMED_ANCESTOR,436952,Induced psychotic disorder
elixhauser,psychoses,elix_psychoses,Psychoses,0,SNOMED_ANCESTOR,4239453,"Severe mood disorder with psychotic features, mood-congruent"
elixhauser,depression,elix_depression,Depression,-3,ICD10CM,F313,
elixhauser,depression,elix_depression,Depression,-3,ICD10CM,F314,
elixhauser,depression,elix_depression,Depression,-3,ICD10CM,F315,
elixhauser,depression,elix_depression,Depression,-3,ICD10CM,F32,
elixhauser,depression,elix_depression,Depression,-3,ICD10CM,F33,
elixhauser,depression,elix_depression,Depression,-3,ICD10CM,F341,
elixhauser,depression,elix_depression,Depression,-3,ICD10CM,F432,
elixhauser,depression,elix_depression,Depression,-3,ICD9CM,2962,
elixhauser,depression,elix_depression,Depression,-3,ICD9CM,2963,
elixhauser,depression,elix_depression,Depression,-3,ICD9CM,2965,
elixhauser,depression,elix_depression,Depression,-3,ICD9CM,3004,
elixhauser,depression,elix_depression,Depression,-3,ICD9CM,309,
elixhauser,depression,elix_depression,Depression,-3,ICD9CM,311,
elixhauser,depression,elix_depression,Depression,-3,SNOMED_ANCESTOR,440383,Depressive disorder
elixhauser,depression,elix_depression,Depression,-3,SNOMED_ANCESTOR,442306,Adjustment disorder with depressed mood
elixhauser,depression,elix_depression,Depression,-3,SNOMED_ANCESTOR,35624743,"Bipolar disorder, most recent episode depression"
